<?xml version="1.0" encoding="ISO-8859-1" standalone="yes"?>
  <app version="1">
    <name>YahtzWii</name>
    <coder>chris</coder>
    <version>2.01</version>
    <release_date>200910220000</release_date>
    <short_description>Yahtzee for the Wii</short_description>
    <long_description>Yahtzee for the Wii

Version 2.01
+ Corrected Painted Yahtzee to use the proper number/colour combinations.
+ Now auto-detects rumble settings.

TOX 009

www.toxicbreakfast.com</long_description>
  </app>