<?xml version="1.0" encoding="UTF-8" standalone="yes"?>
<app version="0.3">
	<name>Tetwiis</name>
	<version>0.1b</version>
        <release_date>200908092330</release_date>
	<coder>Pembo</coder>
	<short_description>Wii Tetris</short_description>
	<long_description>TetWiis - A Nintendo WII Tetris Clone, shamelessly based on the Nintendo DS version of Tetris.

Use the pointer and 'A' in the menu screens to change the options and start/exit the game.

In game, you'll need to use the wiimote in a horizontal position with the d-pad on the left.  The controls are then as follows:
left  - move block left one square
right - move block right one square
down  - move block down quickly
up    - Immediately Drop the block into place
A     - Hold a piece/swap the piece for the one already held
Home  - Pause the game
1     - Rotate the block
2     - Rotate the block

Every ten lines you clear increases the level, which increase the speed at which the blocks drop.
You'll score more points by clearing 2,3 or 4 lines at a time, or even going for the dangerous back2back clearance of 4 lines (clearing 8 in successive drops!)

This is an early release beta for testing and to gather feedback.
For development information about TetWiis, and to provide feedback or report issues, please See: 
http://www.pembo.co.uk
</long_description>
</app>
