<?xml version="1.0" encoding="UTF-8" standalone="yes"?>
<app version="1">
  <name>POWDER</name>
  <coder>Jeff Lait  Port: insin</coder>
  <version>111-1</version>
  <release_date>20090530</release_date>
  <short_description>Roguelike</short_description>
  <long_description>Descend into the depths of the dungeon until you reach the foul daemon known as "He who the author cannot spell consistently", or, Baezl'bub.

When you have slain Baezl'bub in heroic combat, or, if Baezl'bub dies in any way, retrieve his black heart and bring it to the surface world.</long_description>
</app>
